domain,subdomain,entities
Personal Assistant,Calendar_Management,"['calender', 'mail', 'grab', 'uber', 'google_maps', 'maps']"
Personal Assistant,Email_Automation,"['calender', 'mail', 'grab', 'uber', 'google_maps', 'maps']"
Personal Assistant,Food_Ordering,"['calender', 'mail', 'grab', 'uber', 'google_maps', 'maps']"
Personal Assistant,Rideshare_Booking,"['calender', 'mail', 'grab', 'uber', 'google_maps', 'maps']"
Devops,Continuous_Integration,"['aws', 'docker', 'kubernetes', 'prometheus', 'terraform', 'ansible', 'jenkins', 'gitlab-ci']"
Devops,Infrastructure_Monitoring,"['aws', 'docker', 'kubernetes', 'prometheus', 'terraform', 'ansible', 'jenkins', 'gitlab-ci']"
Devops,Service_Scaling,"['aws', 'docker', 'kubernetes', 'prometheus', 'terraform', 'ansible', 'jenkins', 'gitlab-ci']"
Devops,Deployment_Pipelines,"['aws', 'docker', 'kubernetes', 'prometheus', 'terraform', 'ansible', 'jenkins', 'gitlab-ci']"
Devops,Containerization,"['aws', 'docker', 'kubernetes', 'prometheus', 'terraform', 'ansible', 'jenkins', 'gitlab-ci']"
Algorithmic Trading,Strategy_Backtesting,"['quantlib', 'pandas', 'numpy', 'backtrader', 'ccxt']"
Algorithmic Trading,Market_Data_Streaming,"['quantlib', 'pandas', 'numpy', 'backtrader', 'ccxt']"
Algorithmic Trading,Order_Execution,"['quantlib', 'pandas', 'numpy', 'backtrader', 'ccxt']"
Algorithmic Trading,Risk_Management,"['quantlib', 'pandas', 'numpy', 'backtrader', 'ccxt']"
Finance payments,Payment_Gateway_Integration,"['stripe', 'klarna', 'openbanking', 'plaid', 'paypal-sdk']"
Finance payments,Transaction_Validation,"['stripe', 'klarna', 'openbanking', 'plaid', 'paypal-sdk']"
Finance payments,Invoicing,"['stripe', 'klarna', 'openbanking', 'plaid', 'paypal-sdk']"
Finance payments,Accounting,"['stripe', 'klarna', 'openbanking', 'plaid', 'paypal-sdk']"
Machine Learning Engineering,Model_Training,"['huggingface_trl', 'pytorch', 'aws', 'mlflow']"
Machine Learning Engineering,Hyperparameter_Tuning,"['huggingface_trl', 'pytorch', 'aws', 'mlflow']"
Machine Learning Engineering,Model_Serving,"['huggingface_trl', 'pytorch', 'aws', 'mlflow']"
Machine Learning Engineering,Data_Feature_Engineering,"['huggingface_trl', 'pytorch', 'aws', 'mlflow']"
Blockchain,Wallet_Management,['web3']
Blockchain,Smart_Contract_Interaction,['web3']
Blockchain,Smart_Contract_Deployment,['web3']
Blockchain,Chain_Data_Extraction,['web3']
Blockchain,Token_Transfers,['web3']
APIs in general,REST_API_Integration,"['scrapy', 'requests', 'httpx', 'fastapi', 'flask', 'postman']"
APIs in general,GraphQL_Queries,"['scrapy', 'requests', 'httpx', 'fastapi', 'flask', 'postman']"
APIs in general,API_Auth,"['scrapy', 'requests', 'httpx', 'fastapi', 'flask', 'postman']"
APIs in general,Load_Testing,"['scrapy', 'requests', 'httpx', 'fastapi', 'flask', 'postman']"
APIs in general,API_Testing,"['scrapy', 'requests', 'httpx', 'fastapi', 'flask', 'postman']"
APIs in general,API_Creation,"['scrapy', 'requests', 'httpx', 'fastapi', 'flask', 'postman']"
Search,Web_Search,"['serper', 'duckduckgo', 'bind']"
Search,Scholar_Search,"['serper', 'duckduckgo', 'bind']"
Search,Image_Search,"['serper', 'duckduckgo', 'bind']"
Search,News_Search,"['serper', 'duckduckgo', 'bind']"
Search,Product_Search,"['serper', 'duckduckgo', 'bind']"
Search,Venue_Search,"['serper', 'duckduckgo', 'bind']"
Search,Service_Search,"['serper', 'duckduckgo', 'bind']"
SaaS,Integration,"['microsoft365', 'google_workspace', 'salesforce', 'zendesk', 'slack', 'trello', 'asana', 'zapier', 'shopify']"
SaaS,Tracking,"['microsoft365', 'google_workspace', 'salesforce', 'zendesk', 'slack', 'trello', 'asana', 'zapier', 'shopify']"
SaaS,Team_Management,"['microsoft365', 'google_workspace', 'salesforce', 'zendesk', 'slack', 'trello', 'asana', 'zapier', 'shopify']"
SaaS,Support_Ticketing,"['microsoft365', 'google_workspace', 'salesforce', 'zendesk', 'slack', 'trello', 'asana', 'zapier', 'shopify']"
SaaS,Usage,"['microsoft365', 'google_workspace', 'salesforce', 'zendesk', 'slack', 'trello', 'asana', 'zapier', 'shopify']"
Developer Tools,Cloud_Infra_Setup,"['github', 'git', 'docker', 'aws', 'vercel', 'vscode', 'pre-commit']"
Developer Tools,CI_CD_Configuration,"['github', 'git', 'docker', 'aws', 'vercel', 'vscode', 'pre-commit']"
Developer Tools,Backend_Deployment,"['github', 'git', 'docker', 'aws', 'vercel', 'vscode', 'pre-commit']"
Developer Tools,Frontend_Bundling,"['github', 'git', 'docker', 'aws', 'vercel', 'vscode', 'pre-commit']"
Developer Tools,Deploy_WebApp,"['github', 'git', 'docker', 'aws', 'vercel', 'vscode', 'pre-commit']"
E-commerce,Product_Catalog_Management,"['shopify', 'instacart', 'klarna', 'wish']"
E-commerce,Cart_Checkout_Flow,"['shopify', 'instacart', 'klarna', 'wish']"
E-commerce,Inventory_Tracking,"['shopify', 'instacart', 'klarna', 'wish']"
E-commerce,Order_Fulfillment,"['shopify', 'instacart', 'klarna', 'wish']"
Information Extraction,PDF_Parsing,"['scrapy', 'beautifulsoup', 'spacy', 'pandas']"
Information Extraction,HTML_Scraping,"['scrapy', 'beautifulsoup', 'spacy', 'pandas']"
Information Extraction,CSV_Analysis,"['scrapy', 'beautifulsoup', 'spacy', 'pandas']"
Information Extraction,XLSX_Analysis,"['scrapy', 'beautifulsoup', 'spacy', 'pandas']"
Information Extraction,OCR_Processing,"['scrapy', 'beautifulsoup', 'spacy', 'pandas']"
Cybersecurity,Vulnerability_Scanning,"['scapy', 'nmap', 'metasploit', 'wireshark', 'burp-suite']"
Cybersecurity,Log_Analysis,"['scapy', 'nmap', 'metasploit', 'wireshark', 'burp-suite']"
Cybersecurity,Access_Control,"['scapy', 'nmap', 'metasploit', 'wireshark', 'burp-suite']"
Cybersecurity,Threat_Detection,"['scapy', 'nmap', 'metasploit', 'wireshark', 'burp-suite']"
Cybersecurity,Pentesting,"['scapy', 'nmap', 'metasploit', 'wireshark', 'burp-suite']"
Cybersecurity,Network_Monitoring,"['scapy', 'nmap', 'metasploit', 'wireshark', 'burp-suite']"
Data Science,Classification_Pipelines,"['huggingface_trl', 'pandas', 'numpy', 'scikit-learn', 'matplotlib', 'seaborn', 'xgboost', 'lightgbm']"
Data Science,Regression_Models,"['huggingface_trl', 'pandas', 'numpy', 'scikit-learn', 'matplotlib', 'seaborn', 'xgboost', 'lightgbm']"
Data Science,Clustering_Analysis,"['huggingface_trl', 'pandas', 'numpy', 'scikit-learn', 'matplotlib', 'seaborn', 'xgboost', 'lightgbm']"
Data Science,Feature_Selection,"['huggingface_trl', 'pandas', 'numpy', 'scikit-learn', 'matplotlib', 'seaborn', 'xgboost', 'lightgbm']"
Data Processing,Data_Cleaning,"['scrapy', 'polars', 'apache-spark', 'airflow']"
Data Processing,Normalization,"['scrapy', 'polars', 'apache-spark', 'airflow']"
Data Processing,Aggregation,"['scrapy', 'polars', 'apache-spark', 'airflow']"
Data Processing,Transformation,"['scrapy', 'polars', 'apache-spark', 'airflow']"
Databases,Writing_Queries,"['aws', 'kubernetes', 'sqlalchemy', 'mongoengine', 'redis', 'postgresql']"
Databases,Database_Testing,"['aws', 'kubernetes', 'sqlalchemy', 'mongoengine', 'redis', 'postgresql']"
Databases,DB_Caching,"['aws', 'kubernetes', 'sqlalchemy', 'mongoengine', 'redis', 'postgresql']"
Databases,DB_Migrations,"['aws', 'kubernetes', 'sqlalchemy', 'mongoengine', 'redis', 'postgresql']"
Databases,Read_Write,"['aws', 'kubernetes', 'sqlalchemy', 'mongoengine', 'redis', 'postgresql']"
Databases,Schema_Design,"['aws', 'kubernetes', 'sqlalchemy', 'mongoengine', 'redis', 'postgresql']"
Operating System Functions,File_Management,"['scapy', 'docker', 'psutil', 'subprocess', 'os']"
Operating System Functions,Process_Control,"['scapy', 'docker', 'psutil', 'subprocess', 'os']"
Operating System Functions,User_Permissions,"['scapy', 'docker', 'psutil', 'subprocess', 'os']"
Operating System Functions,Shell_Scripting,"['scapy', 'docker', 'psutil', 'subprocess', 'os']"
Operating System Functions,SSH,"['scapy', 'docker', 'psutil', 'subprocess', 'os']"
Operating System Functions,System_Monitoring,"['scapy', 'docker', 'psutil', 'subprocess', 'os']"
Consumer Discretionary Software,CRM_Enhancements,"['shopify', 'klarna', 'stripe', 'figma']"
Consumer Discretionary Software,Ad_Campaigns,"['shopify', 'klarna', 'stripe', 'figma']"
Consumer Discretionary Software,Conversion_Tracking,"['shopify', 'klarna', 'stripe', 'figma']"
Consumer Discretionary Software,Customer_Retention,"['shopify', 'klarna', 'stripe', 'figma']"
Recurring_Calendar_Invoicing,"['Calendar_Management', 'Invoicing']","['calender', 'mail', 'grab', 'uber', 'google_maps', 'maps', 'stripe', 'klarna', 'openbanking', 'plaid', 'paypal-sdk']"
Automated_Model_Deployment,"['Model_Serving', 'Deployment_Pipelines']","['huggingface_trl', 'pytorch', 'aws', 'mlflow', 'aws', 'docker', 'kubernetes', 'prometheus', 'terraform', 'ansible', 'jenkins', 'gitlab-ci']"
Secure_Smart_Contract_Release,"['Smart_Contract_Deployment', 'Vulnerability_Scanning']","['web3', 'scapy', 'nmap', 'metasploit', 'wireshark', 'burp-suite']"
API_Driven_Inventory_Validation,"['Inventory_Tracking', 'API_Testing']","['shopify', 'instacart', 'klarna', 'wish', 'scrapy', 'requests', 'httpx', 'fastapi', 'flask', 'postman']"
Web_Data_Clustering,"['HTML_Scraping', 'Clustering_Analysis']","['scrapy', 'beautifulsoup', 'spacy', 'pandas', 'huggingface_trl', 'pandas', 'numpy', 'scikit-learn', 'matplotlib', 'seaborn', 'xgboost', 'lightgbm']"
CRM_Oriented_Database_Schema,"['CRM_Enhancements', 'Schema_Design']","['shopify', 'klarna', 'stripe', 'figma', 'aws', 'kubernetes', 'sqlalchemy', 'mongoengine', 'redis', 'postgresql']"
Unified_System_Infrastructure_Monitoring,"['System_Monitoring', 'Infrastructure_Monitoring']","['scapy', 'docker', 'psutil', 'subprocess', 'os', 'aws', 'docker', 'kubernetes', 'prometheus', 'terraform', 'ansible', 'jenkins', 'gitlab-ci']"
Data_Preprocessing_for_ML,"['Normalization', 'Data_Feature_Engineering']","['scrapy', 'polars', 'apache-spark', 'airflow', 'huggingface_trl', 'pytorch', 'aws', 'mlflow']"
Seamless_Checkout_and_Payment,"['Cart_Checkout_Flow', 'Payment_Gateway_Integration']","['shopify', 'instacart', 'klarna', 'wish', 'stripe', 'klarna', 'openbanking', 'plaid', 'paypal-sdk']"
Custom_API_WebApp_Deployment,"['API_Creation', 'Deploy_WebApp']","['scrapy', 'requests', 'httpx', 'fastapi', 'flask', 'postman', 'github', 'git', 'docker', 'aws', 'vercel', 'vscode', 'pre-commit']"
SSH_Scaling_Strategy,"['SSH', 'Service_Scaling']","['scapy', 'docker', 'psutil', 'subprocess', 'os', 'aws', 'docker', 'kubernetes', 'prometheus', 'terraform', 'ansible', 'jenkins', 'gitlab-ci']"
Multi_Cloud_Hyperparameter_Tuning,"['Cloud_Infra_Setup', 'Hyperparameter_Tuning']","['github', 'git', 'docker', 'aws', 'vercel', 'vscode', 'pre-commit', 'huggingface_trl', 'pytorch', 'aws', 'mlflow']"
Tokenized_Accounting_Audit,"['Token_Transfers', 'Accounting']","['web3', 'stripe', 'klarna', 'openbanking', 'plaid', 'paypal-sdk']"
Machine_Learning_Enhanced_Pentesting,"['Model_Training', 'Pentesting']","['huggingface_trl', 'pytorch', 'aws', 'mlflow', 'scapy', 'nmap', 'metasploit', 'wireshark', 'burp-suite']"
Order_Fulfillment_Orchestrator,"['Process_Control', 'Order_Fulfillment']","['scapy', 'docker', 'psutil', 'subprocess', 'os', 'shopify', 'instacart', 'klarna', 'wish']"
XLSX_Driven_Feature_Selection,"['XLSX_Analysis', 'Feature_Selection']","['scrapy', 'beautifulsoup', 'spacy', 'pandas', 'huggingface_trl', 'pandas', 'numpy', 'scikit-learn', 'matplotlib', 'seaborn', 'xgboost', 'lightgbm']"
GraphQL_Based_Ad_Campaigns,"['GraphQL_Queries', 'Ad_Campaigns']","['scrapy', 'requests', 'httpx', 'fastapi', 'flask', 'postman', 'shopify', 'klarna', 'stripe', 'figma']"
Containerized_Shell_Scripting,"['Containerization', 'Shell_Scripting']","['aws', 'docker', 'kubernetes', 'prometheus', 'terraform', 'ansible', 'jenkins', 'gitlab-ci', 'scapy', 'docker', 'psutil', 'subprocess', 'os']"
Log_Analysis_Powered_by_Regression,"['Log_Analysis', 'Regression_Models']","['scapy', 'nmap', 'metasploit', 'wireshark', 'burp-suite', 'huggingface_trl', 'pandas', 'numpy', 'scikit-learn', 'matplotlib', 'seaborn', 'xgboost', 'lightgbm']"
Chain_Data_Extraction_for_CRM,"['Chain_Data_Extraction', 'CRM_Enhancements']","['web3', 'shopify', 'klarna', 'stripe', 'figma']"
Personalized_Market_Analytics,"['Rideshare_Booking', 'Market_Data_Streaming']","['calender', 'mail', 'grab', 'uber', 'google_maps', 'maps', 'quantlib', 'pandas', 'numpy', 'backtrader', 'ccxt']"
Smart_Contract_Prediction,"['Smart_Contract_Interaction', 'Classification_Pipelines']","['web3', 'huggingface_trl', 'pandas', 'numpy', 'scikit-learn', 'matplotlib', 'seaborn', 'xgboost', 'lightgbm']"
Adaptive_Calendar_Integration,"['Calendar_Management', 'Integration']","['calender', 'mail', 'grab', 'uber', 'google_maps', 'maps', 'microsoft365', 'google_workspace', 'salesforce', 'zendesk', 'slack', 'trello', 'asana', 'zapier', 'shopify']"
Load_Balanced_Ad_Campaigns,"['Load_Testing', 'Ad_Campaigns']","['scrapy', 'requests', 'httpx', 'fastapi', 'flask', 'postman', 'shopify', 'klarna', 'stripe', 'figma']"
XLSX_Based_Access_Controls,"['XLSX_Analysis', 'Access_Control']","['scrapy', 'beautifulsoup', 'spacy', 'pandas', 'scapy', 'nmap', 'metasploit', 'wireshark', 'burp-suite']"
CSV_GraphQL_Insight_Pipeline,"['CSV_Analysis', 'GraphQL_Queries']","['scrapy', 'beautifulsoup', 'spacy', 'pandas', 'scrapy', 'requests', 'httpx', 'fastapi', 'flask', 'postman']"
Hyperparameter_Controlled_DB_Caching,"['Hyperparameter_Tuning', 'DB_Caching']","['huggingface_trl', 'pytorch', 'aws', 'mlflow', 'aws', 'kubernetes', 'sqlalchemy', 'mongoengine', 'redis', 'postgresql']"
Food_Order_Validation,"['Food_Ordering', 'Transaction_Validation']","['calender', 'mail', 'grab', 'uber', 'google_maps', 'maps', 'stripe', 'klarna', 'openbanking', 'plaid', 'paypal-sdk']"
Automated_User_Permissioning,"['User_Permissions', 'API_Auth']","['scapy', 'docker', 'psutil', 'subprocess', 'os', 'scrapy', 'requests', 'httpx', 'fastapi', 'flask', 'postman']"
OCR_Powered_Accounting_Audit,"['OCR_Processing', 'Accounting']","['scrapy', 'beautifulsoup', 'spacy', 'pandas', 'stripe', 'klarna', 'openbanking', 'plaid', 'paypal-sdk']"
Family_Event_Scheduling,"['Calendar_Management', 'Team_Management']","['calender', 'mail', 'grab', 'uber', 'google_maps', 'maps', 'microsoft365', 'google_workspace', 'salesforce', 'zendesk', 'slack', 'trello', 'asana', 'zapier', 'shopify']"
Carpool_Cost_Sharing,"['Rideshare_Booking', 'Transaction_Validation']","['calender', 'mail', 'grab', 'uber', 'google_maps', 'maps', 'stripe', 'klarna', 'openbanking', 'plaid', 'paypal-sdk']"
Household_Bill_Organization,"['Invoicing', 'PDF_Parsing']","['stripe', 'klarna', 'openbanking', 'plaid', 'paypal-sdk', 'scrapy', 'beautifulsoup', 'spacy', 'pandas']"
Grocery_Choice_Refinement,"['Food_Ordering', 'Feature_Selection']","['calender', 'mail', 'grab', 'uber', 'google_maps', 'maps', 'huggingface_trl', 'pandas', 'numpy', 'scikit-learn', 'matplotlib', 'seaborn', 'xgboost', 'lightgbm']"
Personalized_Budget_Analysis,"['Accounting', 'CSV_Analysis']","['stripe', 'klarna', 'openbanking', 'plaid', 'paypal-sdk', 'scrapy', 'beautifulsoup', 'spacy', 'pandas']"
Regular_Inventory_Alerts,"['Inventory_Tracking', 'Normalization']","['shopify', 'instacart', 'klarna', 'wish', 'scrapy', 'polars', 'apache-spark', 'airflow']"
Doctor_Appointment_Booking,"['Calendar_Management', 'Payment_Gateway_Integration']","['calender', 'mail', 'grab', 'uber', 'google_maps', 'maps', 'stripe', 'klarna', 'openbanking', 'plaid', 'paypal-sdk']"
Safe_Online_Grocery_Ordering,"['Food_Ordering', 'Access_Control']","['calender', 'mail', 'grab', 'uber', 'google_maps', 'maps', 'scapy', 'nmap', 'metasploit', 'wireshark', 'burp-suite']"
Shared_Expense_Validation,"['Transaction_Validation', 'User_Permissions']","['stripe', 'klarna', 'openbanking', 'plaid', 'paypal-sdk', 'scapy', 'docker', 'psutil', 'subprocess', 'os']"
Seasonal_Product_Recommendations,"['Product_Catalog_Management', 'Clustering_Analysis']","['shopify', 'instacart', 'klarna', 'wish', 'huggingface_trl', 'pandas', 'numpy', 'scikit-learn', 'matplotlib', 'seaborn', 'xgboost', 'lightgbm']"
Secure_Roommate_Payment_Splits,"['Transaction_Validation', 'Access_Control']","['stripe', 'klarna', 'openbanking', 'plaid', 'paypal-sdk', 'scapy', 'nmap', 'metasploit', 'wireshark', 'burp-suite']"
Neighborhood_Event_Polling,"['Email_Automation', 'GraphQL_Queries']","['calender', 'mail', 'grab', 'uber', 'google_maps', 'maps', 'scrapy', 'requests', 'httpx', 'fastapi', 'flask', 'postman']"
Local_Service_Discovery,"['API_Auth', 'Product_Catalog_Management']","['scrapy', 'requests', 'httpx', 'fastapi', 'flask', 'postman', 'shopify', 'instacart', 'klarna', 'wish']"
Personal_Reading_List_Curation,"['HTML_Scraping', 'Feature_Selection']","['scrapy', 'beautifulsoup', 'spacy', 'pandas', 'huggingface_trl', 'pandas', 'numpy', 'scikit-learn', 'matplotlib', 'seaborn', 'xgboost', 'lightgbm']"
Kid-Friendly_Restaurant_Finder,"['Food_Ordering', 'Classification_Pipelines']","['calender', 'mail', 'grab', 'uber', 'google_maps', 'maps', 'huggingface_trl', 'pandas', 'numpy', 'scikit-learn', 'matplotlib', 'seaborn', 'xgboost', 'lightgbm']"
Budget_Travel_Plan,"['Rideshare_Booking', 'Normalization']","['calender', 'mail', 'grab', 'uber', 'google_maps', 'maps', 'scrapy', 'polars', 'apache-spark', 'airflow']"
Healthy_Food_Alternatives,"['Food_Ordering', 'OCR_Processing']","['calender', 'mail', 'grab', 'uber', 'google_maps', 'maps', 'scrapy', 'beautifulsoup', 'spacy', 'pandas']"
Household_Expense_Auditing,"['Invoicing', 'CSV_Analysis']","['stripe', 'klarna', 'openbanking', 'plaid', 'paypal-sdk', 'scrapy', 'beautifulsoup', 'spacy', 'pandas']"
Automatic_Birthday_Reminders,"['Calendar_Management', 'User_Permissions']","['calender', 'mail', 'grab', 'uber', 'google_maps', 'maps', 'scapy', 'docker', 'psutil', 'subprocess', 'os']"
Contextual_Product_Bundling,"['Product_Catalog_Management', 'Aggregation']","['shopify', 'instacart', 'klarna', 'wish', 'scrapy', 'polars', 'apache-spark', 'airflow']"
Academic_Resource_Planner,"['Scholar_Search', 'Calendar_Management']","['serper', 'duckduckgo', 'bind', 'calender', 'mail', 'grab', 'uber', 'google_maps', 'maps']"
Local_Repair_Service_Comparison,"['Service_Search', 'Normalization']","['serper', 'duckduckgo', 'bind', 'scrapy', 'polars', 'apache-spark', 'airflow']"
Historic_News_Review,"['News_Search', 'HTML_Scraping']","['serper', 'duckduckgo', 'bind', 'scrapy', 'beautifulsoup', 'spacy', 'pandas']"
DIY_Product_Instruction_Finder,"['Product_Search', 'PDF_Parsing']","['serper', 'duckduckgo', 'bind', 'scrapy', 'beautifulsoup', 'spacy', 'pandas']"
Cultural_Venue_Recommendation,"['Venue_Search', 'Classification_Pipelines']","['serper', 'duckduckgo', 'bind', 'huggingface_trl', 'pandas', 'numpy', 'scikit-learn', 'matplotlib', 'seaborn', 'xgboost', 'lightgbm']"
Visual_Recipe_Explorer,"['Image_Search', 'Food_Ordering']","['serper', 'duckduckgo', 'bind', 'calender', 'mail', 'grab', 'uber', 'google_maps', 'maps']"
Student_Research_Data_Curation,"['Scholar_Search', 'CSV_Analysis']","['serper', 'duckduckgo', 'bind', 'scrapy', 'beautifulsoup', 'spacy', 'pandas']"
News_Briefing_Refinement,"['News_Search', 'Feature_Selection']","['serper', 'duckduckgo', 'bind', 'huggingface_trl', 'pandas', 'numpy', 'scikit-learn', 'matplotlib', 'seaborn', 'xgboost', 'lightgbm']"
Service_Cost_Breakdown,"['Service_Search', 'Accounting']","['serper', 'duckduckgo', 'bind', 'stripe', 'klarna', 'openbanking', 'plaid', 'paypal-sdk']"
Concert_Ticket_Planning,"['Venue_Search', 'Integration']","['serper', 'duckduckgo', 'bind', 'microsoft365', 'google_workspace', 'salesforce', 'zendesk', 'slack', 'trello', 'asana', 'zapier', 'shopify']"
Pet_Medical_Appointment_Booking,"['Calendar_Management', 'Transaction_Validation']","['calender', 'mail', 'grab', 'uber', 'google_maps', 'maps', 'stripe', 'klarna', 'openbanking', 'plaid', 'paypal-sdk']"
MultiLocation_Rideshare_Planning,"['Rideshare_Booking', 'Team_Management']","['calender', 'mail', 'grab', 'uber', 'google_maps', 'maps', 'microsoft365', 'google_workspace', 'salesforce', 'zendesk', 'slack', 'trello', 'asana', 'zapier', 'shopify']"
Overdue_Bill_Automation,"['Email_Automation', 'Invoicing']","['calender', 'mail', 'grab', 'uber', 'google_maps', 'maps', 'stripe', 'klarna', 'openbanking', 'plaid', 'paypal-sdk']"
Local_Food_Recipe_Curation,"['Food_Ordering', 'Aggregation']","['calender', 'mail', 'grab', 'uber', 'google_maps', 'maps', 'scrapy', 'polars', 'apache-spark', 'airflow']"
Team_Travel_Cost_Analysis,"['Rideshare_Booking', 'Accounting']","['calender', 'mail', 'grab', 'uber', 'google_maps', 'maps', 'stripe', 'klarna', 'openbanking', 'plaid', 'paypal-sdk']"
Shared_Event_Email_Reminders,"['Email_Automation', 'Calendar_Management']","['calender', 'mail', 'grab', 'uber', 'google_maps', 'maps', 'calender', 'mail', 'grab', 'uber', 'google_maps', 'maps']"
House_Rental_Payment_Splitting,"['Transaction_Validation', 'User_Permissions']","['stripe', 'klarna', 'openbanking', 'plaid', 'paypal-sdk', 'scapy', 'docker', 'psutil', 'subprocess', 'os']"
Online_Coursework_Notifier,"['Scholar_Search', 'Email_Automation']","['serper', 'duckduckgo', 'bind', 'calender', 'mail', 'grab', 'uber', 'google_maps', 'maps']"
Fitness_Tracker_Data_Plan,"['Normalization', 'CSV_Analysis']","['scrapy', 'polars', 'apache-spark', 'airflow', 'scrapy', 'beautifulsoup', 'spacy', 'pandas']"
Subscription_Bill_Validation,"['Transaction_Validation', 'Feature_Selection']","['stripe', 'klarna', 'openbanking', 'plaid', 'paypal-sdk', 'huggingface_trl', 'pandas', 'numpy', 'scikit-learn', 'matplotlib', 'seaborn', 'xgboost', 'lightgbm']"
Family_Budget_Alerts,"['Accounting', 'Email_Automation']","['stripe', 'klarna', 'openbanking', 'plaid', 'paypal-sdk', 'calender', 'mail', 'grab', 'uber', 'google_maps', 'maps']"
Baking_Recipe_PDF_Sharing,"['PDF_Parsing', 'Feature_Selection']","['scrapy', 'beautifulsoup', 'spacy', 'pandas', 'huggingface_trl', 'pandas', 'numpy', 'scikit-learn', 'matplotlib', 'seaborn', 'xgboost', 'lightgbm']"
Kid_Friendly_Tutor_Search,"['Scholar_Search', 'Classification_Pipelines']","['serper', 'duckduckgo', 'bind', 'huggingface_trl', 'pandas', 'numpy', 'scikit-learn', 'matplotlib', 'seaborn', 'xgboost', 'lightgbm']"
Local_Charity_Payment_Scheduling,"['Transaction_Validation', 'Calendar_Management']","['stripe', 'klarna', 'openbanking', 'plaid', 'paypal-sdk', 'calender', 'mail', 'grab', 'uber', 'google_maps', 'maps']"
Remote_Work_Support_Tracker,"['Team_Management', 'Integration']","['microsoft365', 'google_workspace', 'salesforce', 'zendesk', 'slack', 'trello', 'asana', 'zapier', 'shopify', 'microsoft365', 'google_workspace', 'salesforce', 'zendesk', 'slack', 'trello', 'asana', 'zapier', 'shopify']"
Safe_Driving_Record_Audit,"['CSV_Analysis', 'Access_Control']","['scrapy', 'beautifulsoup', 'spacy', 'pandas', 'scapy', 'nmap', 'metasploit', 'wireshark', 'burp-suite']"
Vacation_Itinerary_Customization,"['Venue_Search', 'HTML_Scraping']","['serper', 'duckduckgo', 'bind', 'scrapy', 'beautifulsoup', 'spacy', 'pandas']"
Freelance_Invoice_Organizer,"['Invoicing', 'Aggregation']","['stripe', 'klarna', 'openbanking', 'plaid', 'paypal-sdk', 'scrapy', 'polars', 'apache-spark', 'airflow']"
Family_Medical_Budget_Plan,"['Accounting', 'Calendar_Management']","['stripe', 'klarna', 'openbanking', 'plaid', 'paypal-sdk', 'calender', 'mail', 'grab', 'uber', 'google_maps', 'maps']"
Kid_Friendly_Grocery_Curation,"['Food_Ordering', 'Feature_Selection']","['calender', 'mail', 'grab', 'uber', 'google_maps', 'maps', 'huggingface_trl', 'pandas', 'numpy', 'scikit-learn', 'matplotlib', 'seaborn', 'xgboost', 'lightgbm']"
Academic_Conference_Trip_Planning,"['Calendar_Management', 'Venue_Search', 'Rideshare_Booking']","['calender', 'mail', 'grab', 'uber', 'google_maps', 'maps', 'serper', 'duckduckgo', 'bind', 'calender', 'mail', 'grab', 'uber', 'google_maps', 'maps']"
Secure_APIs_for_Trading,"['API_Auth', 'Market_Data_Streaming', 'Risk_Management']","['scrapy', 'requests', 'httpx', 'fastapi', 'flask', 'postman', 'quantlib', 'pandas', 'numpy', 'backtrader', 'ccxt', 'quantlib', 'pandas', 'numpy', 'backtrader', 'ccxt']"
Personalized_Food_Schedule,"['Food_Ordering', 'Calendar_Management', 'Normalization']","['calender', 'mail', 'grab', 'uber', 'google_maps', 'maps', 'calender', 'mail', 'grab', 'uber', 'google_maps', 'maps', 'scrapy', 'polars', 'apache-spark', 'airflow']"
AI_Coupon_Email_Campaign,"['Email_Automation', 'Ad_Campaigns', 'Feature_Selection']","['calender', 'mail', 'grab', 'uber', 'google_maps', 'maps', 'shopify', 'klarna', 'stripe', 'figma', 'huggingface_trl', 'pandas', 'numpy', 'scikit-learn', 'matplotlib', 'seaborn', 'xgboost', 'lightgbm']"
Investor_Research_Pipeline,"['Scholar_Search', 'Risk_Management', 'Aggregation']","['serper', 'duckduckgo', 'bind', 'quantlib', 'pandas', 'numpy', 'backtrader', 'ccxt', 'scrapy', 'polars', 'apache-spark', 'airflow']"
Remote_DevOps_Inspection,"['SSH', 'Infrastructure_Monitoring', 'DB_Migrations']","['scapy', 'docker', 'psutil', 'subprocess', 'os', 'aws', 'docker', 'kubernetes', 'prometheus', 'terraform', 'ansible', 'jenkins', 'gitlab-ci', 'aws', 'kubernetes', 'sqlalchemy', 'mongoengine', 'redis', 'postgresql']"
Personal_Assistant_Budgeting,"['Calendar_Management', 'Accounting', 'CSV_Analysis']","['calender', 'mail', 'grab', 'uber', 'google_maps', 'maps', 'stripe', 'klarna', 'openbanking', 'plaid', 'paypal-sdk', 'scrapy', 'beautifulsoup', 'spacy', 'pandas']"
Automated_Online_Marketplace_Scaling,"['Service_Scaling', 'Order_Fulfillment', 'API_Creation']","['aws', 'docker', 'kubernetes', 'prometheus', 'terraform', 'ansible', 'jenkins', 'gitlab-ci', 'shopify', 'instacart', 'klarna', 'wish', 'scrapy', 'requests', 'httpx', 'fastapi', 'flask', 'postman']"
Customized_Research_Paper_Extraction,"['Scholar_Search', 'PDF_Parsing', 'Clustering_Analysis']","['serper', 'duckduckgo', 'bind', 'scrapy', 'beautifulsoup', 'spacy', 'pandas', 'huggingface_trl', 'pandas', 'numpy', 'scikit-learn', 'matplotlib', 'seaborn', 'xgboost', 'lightgbm']"
Secure_Online_Appointment_Booking,"['Access_Control', 'Calendar_Management', 'Payment_Gateway_Integration']","['scapy', 'nmap', 'metasploit', 'wireshark', 'burp-suite', 'calender', 'mail', 'grab', 'uber', 'google_maps', 'maps', 'stripe', 'klarna', 'openbanking', 'plaid', 'paypal-sdk']"
Predictive_Supply_Chain_Management,"['Feature_Selection', 'Inventory_Tracking', 'Model_Training']","['huggingface_trl', 'pandas', 'numpy', 'scikit-learn', 'matplotlib', 'seaborn', 'xgboost', 'lightgbm', 'shopify', 'instacart', 'klarna', 'wish', 'huggingface_trl', 'pytorch', 'aws', 'mlflow']"
Event_Ticket_Advisor,"['Venue_Search', 'GraphQL_Queries', 'Classification_Pipelines']","['serper', 'duckduckgo', 'bind', 'scrapy', 'requests', 'httpx', 'fastapi', 'flask', 'postman', 'huggingface_trl', 'pandas', 'numpy', 'scikit-learn', 'matplotlib', 'seaborn', 'xgboost', 'lightgbm']"
SSH_Based_Financial_Deployment,"['SSH', 'Payment_Gateway_Integration', 'Deployment_Pipelines']","['scapy', 'docker', 'psutil', 'subprocess', 'os', 'stripe', 'klarna', 'openbanking', 'plaid', 'paypal-sdk', 'aws', 'docker', 'kubernetes', 'prometheus', 'terraform', 'ansible', 'jenkins', 'gitlab-ci']"
Predictive_Social_Event_Planning,"['Calendar_Management', 'Feature_Selection', 'Email_Automation']","['calender', 'mail', 'grab', 'uber', 'google_maps', 'maps', 'huggingface_trl', 'pandas', 'numpy', 'scikit-learn', 'matplotlib', 'seaborn', 'xgboost', 'lightgbm', 'calender', 'mail', 'grab', 'uber', 'google_maps', 'maps']"
API_Testing_Based_Risk_Monitor,"['API_Testing', 'Risk_Management', 'Infrastructure_Monitoring']","['scrapy', 'requests', 'httpx', 'fastapi', 'flask', 'postman', 'quantlib', 'pandas', 'numpy', 'backtrader', 'ccxt', 'aws', 'docker', 'kubernetes', 'prometheus', 'terraform', 'ansible', 'jenkins', 'gitlab-ci']"
OCR_Fulfillment_Inventory_Sync,"['OCR_Processing', 'Order_Fulfillment', 'Inventory_Tracking']","['scrapy', 'beautifulsoup', 'spacy', 'pandas', 'shopify', 'instacart', 'klarna', 'wish', 'shopify', 'instacart', 'klarna', 'wish']"
Vulnerability_Aware_Chain_Accounting,"['Vulnerability_Scanning', 'Chain_Data_Extraction', 'Accounting']","['scapy', 'nmap', 'metasploit', 'wireshark', 'burp-suite', 'web3', 'stripe', 'klarna', 'openbanking', 'plaid', 'paypal-sdk']"
Pentesting_Containerized_Backend_Deployment,"['Pentesting', 'Containerization', 'Backend_Deployment']","['scapy', 'nmap', 'metasploit', 'wireshark', 'burp-suite', 'aws', 'docker', 'kubernetes', 'prometheus', 'terraform', 'ansible', 'jenkins', 'gitlab-ci', 'github', 'git', 'docker', 'aws', 'vercel', 'vscode', 'pre-commit']"
Data_Science_Billing_API_Integration,"['Regression_Models', 'Invoicing', 'API_Auth']","['huggingface_trl', 'pandas', 'numpy', 'scikit-learn', 'matplotlib', 'seaborn', 'xgboost', 'lightgbm', 'stripe', 'klarna', 'openbanking', 'plaid', 'paypal-sdk', 'scrapy', 'requests', 'httpx', 'fastapi', 'flask', 'postman']"
MultiCloud_DevOps_Clustering_Insights,"['Cloud_Infra_Setup', 'Continuous_Integration', 'Clustering_Analysis']","['github', 'git', 'docker', 'aws', 'vercel', 'vscode', 'pre-commit', 'aws', 'docker', 'kubernetes', 'prometheus', 'terraform', 'ansible', 'jenkins', 'gitlab-ci', 'huggingface_trl', 'pandas', 'numpy', 'scikit-learn', 'matplotlib', 'seaborn', 'xgboost', 'lightgbm']"
RESTful_DB_Access_Control,"['REST_API_Integration', 'Database_Testing', 'Access_Control']","['scrapy', 'requests', 'httpx', 'fastapi', 'flask', 'postman', 'aws', 'kubernetes', 'sqlalchemy', 'mongoengine', 'redis', 'postgresql', 'scapy', 'nmap', 'metasploit', 'wireshark', 'burp-suite']"
Healthcare_Management,Patient_Records,"['epic', 'cerner', 'meditech', 'allscripts', 'healthit']"
Healthcare_Management,Appointment_Scheduling,"['epic', 'cerner', 'meditech', 'allscripts', 'healthit']"
Healthcare_Management,Prescription_Management,"['epic', 'cerner', 'meditech', 'allscripts', 'healthit']"
Healthcare_Management,Insurance_Claims,"['epic', 'cerner', 'meditech', 'allscripts', 'healthit']"
Smart_Home,Device_Control,"['homeassistant', 'smartthings', 'philips_hue', 'nest']"
Smart_Home,Energy_Monitoring,"['homeassistant', 'smartthings', 'philips_hue', 'nest']"
Smart_Home,Security_Systems,"['homeassistant', 'smartthings', 'philips_hue', 'nest']"
Smart_Home,Automation_Rules,"['homeassistant', 'smartthings', 'philips_hue', 'nest']"
Education_Technology,Course_Management,"['canvas', 'blackboard', 'moodle', 'schoology']"
Education_Technology,Student_Assessment,"['canvas', 'blackboard', 'moodle', 'schoology']"
Education_Technology,Virtual_Classroom,"['canvas', 'blackboard', 'moodle', 'schoology']"
Education_Technology,Learning_Analytics,"['canvas', 'blackboard', 'moodle', 'schoology']"
Supply_Chain,Inventory_Management,"['sap', 'oracle_scm', 'manhattan', 'blueyonder']"
Supply_Chain,Order_Processing,"['sap', 'oracle_scm', 'manhattan', 'blueyonder']"
Supply_Chain,Logistics_Planning,"['sap', 'oracle_scm', 'manhattan', 'blueyonder']"
Supply_Chain,Supplier_Management,"['sap', 'oracle_scm', 'manhattan', 'blueyonder']"
Real_Estate,Property_Listings,"['mls', 'zillow_api', 'realtor_api', 'redfin']"
Real_Estate,Market_Analysis,"['mls', 'zillow_api', 'realtor_api', 'redfin']"
Real_Estate,Transaction_Management,"['mls', 'zillow_api', 'realtor_api', 'redfin']"
Real_Estate,Property_Valuation,"['mls', 'zillow_api', 'realtor_api', 'redfin']"
Legal_Technology,Case_Management,"['clio', 'lexisnexis', 'westlaw', 'rocket_lawyer']"
Legal_Technology,Document_Analysis,"['clio', 'lexisnexis', 'westlaw', 'rocket_lawyer']"
Legal_Technology,Legal_Research,"['clio', 'lexisnexis', 'westlaw', 'rocket_lawyer']"
Legal_Technology,Compliance_Tracking,"['clio', 'lexisnexis', 'westlaw', 'rocket_lawyer']"
Travel_Management,Flight_Booking,"['amadeus', 'sabre', 'travelport', 'expedia_api']"
Travel_Management,Hotel_Reservations,"['amadeus', 'sabre', 'travelport', 'expedia_api']"
Travel_Management,Itinerary_Planning,"['amadeus', 'sabre', 'travelport', 'expedia_api']"
Travel_Management,Travel_Insurance,"['amadeus', 'sabre', 'travelport', 'expedia_api']"
Agriculture_Tech,Crop_Management,"['john_deere_api', 'climate_fieldview', 'farmers_edge', 'agrivi']"
Agriculture_Tech,Weather_Monitoring,"['john_deere_api', 'climate_fieldview', 'farmers_edge', 'agrivi']"
Agriculture_Tech,Soil_Analysis,"['john_deere_api', 'climate_fieldview', 'farmers_edge', 'agrivi']"
Agriculture_Tech,Yield_Prediction,"['john_deere_api', 'climate_fieldview', 'farmers_edge', 'agrivi']"
Manufacturing,Production_Planning,"['siemens_mindsphere', 'ge_predix', 'rockwell_automation', 'fanuc']"
Manufacturing,Quality_Control,"['siemens_mindsphere', 'ge_predix', 'rockwell_automation', 'fanuc']"
Manufacturing,Equipment_Monitoring,"['siemens_mindsphere', 'ge_predix', 'rockwell_automation', 'fanuc']"
Manufacturing,Resource_Optimization,"['siemens_mindsphere', 'ge_predix', 'rockwell_automation', 'fanuc']"
Entertainment,Content_Streaming,"['netflix_api', 'spotify_api', 'youtube_api', 'twitch_api']"
Entertainment,Media_Management,"['netflix_api', 'spotify_api', 'youtube_api', 'twitch_api']"
Entertainment,User_Recommendations,"['netflix_api', 'spotify_api', 'youtube_api', 'twitch_api']"
Entertainment,Engagement_Analytics,"['netflix_api', 'spotify_api', 'youtube_api', 'twitch_api']"
Sports_Analytics,Performance_Tracking,"['mlb_statsapi', 'nba_api', 'fifa_api', 'strava_api']"
Sports_Analytics,Game_Analysis,"['mlb_statsapi', 'nba_api', 'fifa_api', 'strava_api']"
Sports_Analytics,Player_Statistics,"['mlb_statsapi', 'nba_api', 'fifa_api', 'strava_api']"
Sports_Analytics,Team_Management,"['mlb_statsapi', 'nba_api', 'fifa_api', 'strava_api']"
Environmental_Monitoring,Air_Quality_Analysis,"['openaq', 'airvisual', 'breezometer', 'weatherbit']"
Environmental_Monitoring,Water_Quality_Control,"['openaq', 'airvisual', 'breezometer', 'weatherbit']"
Environmental_Monitoring,Waste_Management,"['openaq', 'airvisual', 'breezometer', 'weatherbit']"
Environmental_Monitoring,Carbon_Tracking,"['openaq', 'airvisual', 'breezometer', 'weatherbit']"
Energy_Management,Consumption_Analysis,"['enphase', 'solaredge', 'schneider_electric', 'siemens_energy']"
Energy_Management,Grid_Optimization,"['enphase', 'solaredge', 'schneider_electric', 'siemens_energy']"
Energy_Management,Smart_Metering,"['enphase', 'solaredge', 'schneider_electric', 'siemens_energy']"
Energy_Management,Renewable_Integration,"['enphase', 'solaredge', 'schneider_electric', 'siemens_energy']"
Telecommunications,Network_Management,"['cisco_meraki', 'nokia_apis', 'ericsson_api', 'twilio']"
Telecommunications,Service_Provisioning,"['cisco_meraki', 'nokia_apis', 'ericsson_api', 'twilio']"
Telecommunications,Traffic_Analysis,"['cisco_meraki', 'nokia_apis', 'ericsson_api', 'twilio']"
Telecommunications,Quality_Monitoring,"['cisco_meraki', 'nokia_apis', 'ericsson_api', 'twilio']"
Automotive_Technology,Vehicle_Diagnostics,"['obd2', 'tesla_api', 'bmw_connecteddrive', 'ford_sync']"
Automotive_Technology,Fleet_Management,"['obd2', 'tesla_api', 'bmw_connecteddrive', 'ford_sync']"
Automotive_Technology,Service_Scheduling,"['obd2', 'tesla_api', 'bmw_connecteddrive', 'ford_sync']"
Automotive_Technology,Performance_Monitoring,"['obd2', 'tesla_api', 'bmw_connecteddrive', 'ford_sync']"
Digital_Marketing,Campaign_Analytics,"['google_ads', 'facebook_marketing', 'mailchimp', 'hubspot']"
Digital_Marketing,Content_Optimization,"['google_ads', 'facebook_marketing', 'mailchimp', 'hubspot']"
Digital_Marketing,Audience_Segmentation,"['google_ads', 'facebook_marketing', 'mailchimp', 'hubspot']"
Digital_Marketing,ROI_Tracking,"['google_ads', 'facebook_marketing', 'mailchimp', 'hubspot']"
Human_Resources,Recruitment_Management,"['workday', 'successfactors', 'bamboo_hr', 'greenhouse']"
Human_Resources,Employee_Onboarding,"['workday', 'successfactors', 'bamboo_hr', 'greenhouse']"
Human_Resources,Performance_Evaluation,"['workday', 'successfactors', 'bamboo_hr', 'greenhouse']"
Human_Resources,Payroll_Processing,"['workday', 'successfactors', 'bamboo_hr', 'greenhouse']"
Gaming_Development,Game_Analytics,"['unity', 'unreal_engine', 'steam_api', 'playfab']"
Gaming_Development,Player_Engagement,"['unity', 'unreal_engine', 'steam_api', 'playfab']"
Gaming_Development,Multiplayer_Systems,"['unity', 'unreal_engine', 'steam_api', 'playfab']"
Gaming_Development,Monetization,"['unity', 'unreal_engine', 'steam_api', 'playfab']"
Restaurant_Management,Menu_Planning,"['toast_pos', 'square', 'opentable', 'yelp_fusion']"
Restaurant_Management,Inventory_Control,"['toast_pos', 'square', 'opentable', 'yelp_fusion']"
Restaurant_Management,Table_Management,"['toast_pos', 'square', 'opentable', 'yelp_fusion']"
Restaurant_Management,Order_Processing,"['toast_pos', 'square', 'opentable', 'yelp_fusion']"
Event_Management,Ticket_Sales,"['eventbrite', 'ticketmaster', 'meetup_api', 'cvent']"
Event_Management,Venue_Management,"['eventbrite', 'ticketmaster', 'meetup_api', 'cvent']"
Event_Management,Attendee_Tracking,"['eventbrite', 'ticketmaster', 'meetup_api', 'cvent']"
Event_Management,Schedule_Planning,"['eventbrite', 'ticketmaster', 'meetup_api', 'cvent']"
Fitness_Technology,Workout_Tracking,"['fitbit', 'garmin_connect', 'apple_healthkit', 'myfitnesspal']"
Fitness_Technology,Nutrition_Planning,"['fitbit', 'garmin_connect', 'apple_healthkit', 'myfitnesspal']"
Fitness_Technology,Progress_Monitoring,"['fitbit', 'garmin_connect', 'apple_healthkit', 'myfitnesspal']"
Fitness_Technology,Goal_Setting,"['fitbit', 'garmin_connect', 'apple_healthkit', 'myfitnesspal']"
Public_Transportation,Route_Planning,"['transitland', 'here_transit', 'moovit', 'citymapper']"
Public_Transportation,Schedule_Management,"['transitland', 'here_transit', 'moovit', 'citymapper']"
Public_Transportation,Fare_Calculation,"['transitland', 'here_transit', 'moovit', 'citymapper']"
Public_Transportation,Service_Alerts,"['transitland', 'here_transit', 'moovit', 'citymapper']"
Library_Management,Catalog_System,"['worldcat', 'libby', 'sierra_api', 'koha']"
Library_Management,Borrower_Services,"['worldcat', 'libby', 'sierra_api', 'koha']"
Library_Management,Resource_Tracking,"['worldcat', 'libby', 'sierra_api', 'koha']"
Library_Management,Digital_Archives,"['worldcat', 'libby', 'sierra_api', 'koha']"
Weather_Services,Forecast_Analysis,"['openweathermap', 'darksky', 'weatherapi', 'noaa_api']"
Weather_Services,Alert_Systems,"['openweathermap', 'darksky', 'weatherapi', 'noaa_api']"
Weather_Services,Historical_Data,"['openweathermap', 'darksky', 'weatherapi', 'noaa_api']"
Weather_Services,Climate_Modeling,"['openweathermap', 'darksky', 'weatherapi', 'noaa_api']"
Pet_Care,Health_Records,"['petfinder', 'vetsource', 'whistle', 'pawboost']"
Pet_Care,Vaccination_Tracking,"['petfinder', 'vetsource', 'whistle', 'pawboost']"
Pet_Care,Diet_Planning,"['petfinder', 'vetsource', 'whistle', 'pawboost']"
Pet_Care,Activity_Monitoring,"['petfinder', 'vetsource', 'whistle', 'pawboost']"
Home_Services,Service_Scheduling,"['angi', 'thumbtack', 'homeadvisor', 'taskrabbit']"
Home_Services,Provider_Management,"['angi', 'thumbtack', 'homeadvisor', 'taskrabbit']"
Home_Services,Quote_Generation,"['angi', 'thumbtack', 'homeadvisor', 'taskrabbit']"
Home_Services,Project_Tracking,"['angi', 'thumbtack', 'homeadvisor', 'taskrabbit']"
Parking_Management,Space_Allocation,"['parkwhiz', 'spothero', 'passport_parking', 'parkmobile']"
Parking_Management,Payment_Processing,"['parkwhiz', 'spothero', 'passport_parking', 'parkmobile']"
Parking_Management,Occupancy_Tracking,"['parkwhiz', 'spothero', 'passport_parking', 'parkmobile']"
Parking_Management,Permit_Management,"['parkwhiz', 'spothero', 'passport_parking', 'parkmobile']"
Art_Gallery,Collection_Management,"['artsy', 'museum_api', 'getty', 'smithsonian_api']"
Art_Gallery,Exhibition_Planning,"['artsy', 'museum_api', 'getty', 'smithsonian_api']"
Art_Gallery,Artist_Profiles,"['artsy', 'museum_api', 'getty', 'smithsonian_api']"
Art_Gallery,Artwork_Tracking,"['artsy', 'museum_api', 'getty', 'smithsonian_api']"
Music_Streaming,Playlist_Management,"['spotify_api', 'apple_music', 'pandora', 'deezer']"
Music_Streaming,Artist_Analytics,"['spotify_api', 'apple_music', 'pandora', 'deezer']"
Music_Streaming,Recommendation_Engine,"['spotify_api', 'apple_music', 'pandora', 'deezer']"
Music_Streaming,Audio_Quality_Control,"['spotify_api', 'apple_music', 'pandora', 'deezer']"
Social_Media_Analytics,Sentiment_Analysis,"['twitter_api', 'facebook_api', 'instagram_api', 'linkedin_api']"
Social_Media_Analytics,Engagement_Metrics,"['twitter_api', 'facebook_api', 'instagram_api', 'linkedin_api']"
Social_Media_Analytics,Trend_Analysis,"['twitter_api', 'facebook_api', 'instagram_api', 'linkedin_api']"
Social_Media_Analytics,Competitor_Tracking,"['twitter_api', 'facebook_api', 'instagram_api', 'linkedin_api']"
Mental_Health,Therapy_Management,"['betterhelp', 'talkspace', 'calm', 'headspace']"
Mental_Health,Mood_Tracking,"['betterhelp', 'talkspace', 'calm', 'headspace']"
Mental_Health,Meditation_Sessions,"['betterhelp', 'talkspace', 'calm', 'headspace']"
Mental_Health,Progress_Assessment,"['betterhelp', 'talkspace', 'calm', 'headspace']"
Waste_Management,Collection_Routing,"['rubicon', 'waste_management_api', 'recycle_track_systems', 'compology']"
Waste_Management,Recycling_Analytics,"['rubicon', 'waste_management_api', 'recycle_track_systems', 'compology']"
Waste_Management,Container_Monitoring,"['rubicon', 'waste_management_api', 'recycle_track_systems', 'compology']"
Waste_Management,Compliance_Reporting,"['rubicon', 'waste_management_api', 'recycle_track_systems', 'compology']"
Water_Utilities,Consumption_Monitoring,"['water_smart', 'aquahawk', 'sensus_analytics', 'waterscope']"
Water_Utilities,Quality_Testing,"['water_smart', 'aquahawk', 'sensus_analytics', 'waterscope']"
Water_Utilities,Leak_Detection,"['water_smart', 'aquahawk', 'sensus_analytics', 'waterscope']"
Water_Utilities,Billing_Management,"['water_smart', 'aquahawk', 'sensus_analytics', 'waterscope']"
Drone_Operations,Flight_Planning,"['dji_sdk', 'airmap', 'dronelogbook', 'kittyhawk']"
Drone_Operations,Mission_Control,"['dji_sdk', 'airmap', 'dronelogbook', 'kittyhawk']"
Drone_Operations,Data_Collection,"['dji_sdk', 'airmap', 'dronelogbook', 'kittyhawk']"
Drone_Operations,Safety_Compliance,"['dji_sdk', 'airmap', 'dronelogbook', 'kittyhawk']"
Video_Production,Editing_Workflow,"['adobe_premiere', 'final_cut', 'davinci_resolve', 'avid']"
Video_Production,Asset_Management,"['adobe_premiere', 'final_cut', 'davinci_resolve', 'avid']"
Video_Production,Color_Grading,"['adobe_premiere', 'final_cut', 'davinci_resolve', 'avid']"
Video_Production,Export_Control,"['adobe_premiere', 'final_cut', 'davinci_resolve', 'avid']"
Language_Learning,Course_Progress,"['duolingo', 'rosetta_stone', 'babbel', 'memrise']"
Language_Learning,Vocabulary_Training,"['duolingo', 'rosetta_stone', 'babbel', 'memrise']"
Language_Learning,Speaking_Practice,"['duolingo', 'rosetta_stone', 'babbel', 'memrise']"
Language_Learning,Assessment_Tools,"['duolingo', 'rosetta_stone', 'babbel', 'memrise']"
Wine_Management,Inventory_Control,"['vivino', 'cellartracker', 'wine_searcher', 'delectable']"
Wine_Management,Tasting_Notes,"['vivino', 'cellartracker', 'wine_searcher', 'delectable']"
Wine_Management,Collection_Valuation,"['vivino', 'cellartracker', 'wine_searcher', 'delectable']"
Wine_Management,Pairing_Suggestions,"['vivino', 'cellartracker', 'wine_searcher', 'delectable']"
Smart_Garden,Irrigation_Control,"['gardena', 'rachio', 'orbit_bhyve', 'rainmachine']"
Smart_Garden,Plant_Monitoring,"['gardena', 'rachio', 'orbit_bhyve', 'rainmachine']"
Smart_Garden,Weather_Integration,"['gardena', 'rachio', 'orbit_bhyve', 'rainmachine']"
Smart_Garden,Growth_Tracking,"['gardena', 'rachio', 'orbit_bhyve', 'rainmachine']"
Sleep_Analysis,Sleep_Tracking,"['oura_ring', 'withings', 'sleep_cycle', 'fitbit']"
Sleep_Analysis,Quality_Assessment,"['oura_ring', 'withings', 'sleep_cycle', 'fitbit']"
Sleep_Analysis,Habit_Formation,"['oura_ring', 'withings', 'sleep_cycle', 'fitbit']"
Sleep_Analysis,Environmental_Monitoring,"['oura_ring', 'withings', 'sleep_cycle', 'fitbit']"
Dental_Care,Patient_Records,"['dentrix', 'eaglesoft', 'opendental', 'curve_dental']"
Dental_Care,Treatment_Planning,"['dentrix', 'eaglesoft', 'opendental', 'curve_dental']"
Dental_Care,Insurance_Processing,"['dentrix', 'eaglesoft', 'opendental', 'curve_dental']"
Dental_Care,Appointment_Scheduling,"['dentrix', 'eaglesoft', 'opendental', 'curve_dental']"
Voice_Assistant,Command_Processing,"['alexa_skills', 'google_assistant', 'siri_shortcuts', 'cortana']"
Voice_Assistant,Response_Generation,"['alexa_skills', 'google_assistant', 'siri_shortcuts', 'cortana']"
Voice_Assistant,Device_Control,"['alexa_skills', 'google_assistant', 'siri_shortcuts', 'cortana']"
Voice_Assistant,Skill_Integration,"['alexa_skills', 'google_assistant', 'siri_shortcuts', 'cortana']"
Job_Search,Resume_Parsing,"['indeed_api', 'linkedin_jobs', 'glassdoor_api', 'monster']"
Job_Search,Job_Matching,"['indeed_api', 'linkedin_jobs', 'glassdoor_api', 'monster']"
Job_Search,Application_Tracking,"['indeed_api', 'linkedin_jobs', 'glassdoor_api', 'monster']"
Job_Search,Salary_Analysis,"['indeed_api', 'linkedin_jobs', 'glassdoor_api', 'monster']"
Vacation_Rental,Property_Management,"['airbnb_api', 'vrbo_api', 'booking_com', 'homeaway']"
Vacation_Rental,Booking_Coordination,"['airbnb_api', 'vrbo_api', 'booking_com', 'homeaway']"
Vacation_Rental,Guest_Communication,"['airbnb_api', 'vrbo_api', 'booking_com', 'homeaway']"
Vacation_Rental,Revenue_Optimization,"['airbnb_api', 'vrbo_api', 'booking_com', 'homeaway']"
Food_Delivery,Restaurant_Integration,"['doordash', 'uber_eats', 'grubhub', 'postmates']"
Food_Delivery,Order_Tracking,"['doordash', 'uber_eats', 'grubhub', 'postmates']"
Food_Delivery,Driver_Dispatch,"['doordash', 'uber_eats', 'grubhub', 'postmates']"
Food_Delivery,Menu_Synchronization,"['doordash', 'uber_eats', 'grubhub', 'postmates']"
Cloud_Gaming,Stream_Management,"['stadia', 'geforce_now', 'xbox_cloud', 'amazon_luna']"
Cloud_Gaming,Session_Control,"['stadia', 'geforce_now', 'xbox_cloud', 'amazon_luna']"
Cloud_Gaming,Quality_Optimization,"['stadia', 'geforce_now', 'xbox_cloud', 'amazon_luna']"
Federated_Learning,Model_Distribution,"['tensorflow_federated', 'pysyft', 'flower', 'fedml']"
Federated_Learning,Privacy_Protection,"['tensorflow_federated', 'pysyft', 'flower', 'fedml']"
Federated_Learning,Aggregation_Control,"['tensorflow_federated', 'pysyft', 'flower', 'fedml']"
Speech_Technology,Voice_Recognition,"['deepspeech', 'whisper', 'google_speech', 'azure_speech']"
Speech_Technology,Text_Synthesis,"['deepspeech', 'whisper', 'google_speech', 'azure_speech']"
Speech_Technology,Accent_Analysis,"['deepspeech', 'whisper', 'google_speech', 'azure_speech']"
Time_Series_Analysis,Pattern_Recognition,"['prophet', 'statsmodels', 'pmdarima', 'neuralprophet']"
Time_Series_Analysis,Forecasting,"['prophet', 'statsmodels', 'pmdarima', 'neuralprophet']"
Time_Series_Analysis,Anomaly_Detection,"['prophet', 'statsmodels', 'pmdarima', 'neuralprophet']"
3D_Printing,Printer_Control,"['marlin', 'cura', 'slic3r', 'repetier']"
3D_Printing,Model_Optimization,"['marlin', 'cura', 'slic3r', 'repetier']"
3D_Printing,Material_Management,"['marlin', 'cura', 'slic3r', 'repetier']"
Space_Technology,Satellite_Control,"['nasa_api', 'spacex_api', 'esa_toolkit', 'orbital_mechanics']"
Space_Technology,Mission_Planning,"['nasa_api', 'spacex_api', 'esa_toolkit', 'orbital_mechanics']"
Space_Technology,Telemetry_Analysis,"['nasa_api', 'spacex_api', 'esa_toolkit', 'orbital_mechanics']"
Bioinformatics,Genome_Sequencing,"['biopython', 'blast', 'samtools', 'galaxy']"
Bioinformatics,Protein_Analysis,"['biopython', 'blast', 'samtools', 'galaxy']"
Bioinformatics,Phylogenetic_Studies,"['biopython', 'blast', 'samtools', 'galaxy']"
Virtual_Reality,Scene_Development,"['unity_xr', 'unreal_vr', 'oculus_sdk', 'steamvr']"
Virtual_Reality,Interaction_Design,"['unity_xr', 'unreal_vr', 'oculus_sdk', 'steamvr']"
Virtual_Reality,Performance_Optimization,"['unity_xr', 'unreal_vr', 'oculus_sdk', 'steamvr']"